name;marked
012_OD_ONH.png;Y
012_OE_ONH.png;Y
019_OD_ONH.png;Y
019_OE_ONH.png;Y
001_OD_ONH.png;Y
001_OE_ONH.png;Y
004_OD_ONH.png;Y
004_OE_ONH.png;Y
005_OE_ONH.png;Y
006_OD_ONH.png;Y
006_OE_ONH.png;N
007_OD_ONH.png;N
007_OE_ONH.png;N
008_OD_ONH.png;Y
008_OE_ONH.png;N
009_OD_ONH.png;Y
009_OE_ONH.png;Y
010_OD_ONH.png;N
010_OE_ONH.png;Y
011_OD_ONH.png;Y
011_OE_ONH.png;Y
013_OD_ONH.png;Y
013_OE_ONH.png;Y
014_OD_ONH.png;Y
014_OE_ONH.png;Y
015_OD_ONH.png;Y
015_OE_ONH.png;Y
016_OD_ONH.png;Y
016_OE_ONH.png;Y
017_OD_ONH.png;Y
017_OE_ONH.png;Y
018_OD_ONH.png;N
018_OE_ONH.png;N
020_OD_ONH.png;N
020_OE_ONH.png;N
021_OD_ONH.png;N
021_OE_ONH.png;N
022_OD_ONH.png;Y
023_OD_ONH.png;N
023_OE_ONH.png;N
024_OD_ONH.png;N
024_OE_ONH.png;N
025_OD_ONH.png;Y
025_OE_ONH.png;Y
026_OD_ONH.png;N
026_OE_ONH.png;Y
027_OD_ONH.png;Y
027_OE_ONH.png;Y
028_OD_ONH.png;N
028_OE_ONH.png;N
030_OD_ONH.png;N
030_OE_ONH.png;Y
031_OD_ONH.png;Y
031_OE_ONH.png;N
032_OD_ONH.png;Y
032_OE_ONH.png;N
033_OD_ONH.png;N
033_OE_ONH.png;N
034_OD_ONH.png;N
034_OE_ONH.png;Y
035_OD_ONH.png;Y
035_OE_ONH.png;N
036_OD_ONH.png;Y
036_OE_ONH.png;N
037_OD_ONH.png;N
037_OE_ONH.png;N
038_OD_ONH.png;N
038_OE_ONH.png;Y
039_OD_ONH.png;Y
039_OE_ONH.png;Y
040_OD_ONH.png;N
040_OE_ONH.png;N
043_OD_ONH.png;Y
043_OE_ONH.png;Y
044_OD_ONH.png;N
044_OE_ONH.png;N
045_OD_ONH.png;N
045_OE_ONH.png;N
046_OD_ONH.png;Y
046_OE_ONH.png;Y
047_OD_ONH.png;Y
047_OE_ONH.png;Y
048_OD_ONH.png;Y
048_OE_ONH.png;N
049_OD_ONH.png;Y
049_OE_ONH.png;Y
050_OD_ONH.png;N
050_OE_ONH.png;Y
052_OD_ONH.png;N
052_OE_ONH.png;Y
053_OD_ONH.png;N
053_OE_ONH.png;N
054_OD_ONH.png;N
054_OE_ONH.png;N
055_OD_ONH.png;Y
055_OE_ONH.png;Y
056_OD_ONH.png;Y
056_OE_ONH.png;Y
058_OD_ONH.png;Y
058_OE_ONH.png;N
059_OD_ONH.png;Y
059_OE_ONH.png;N
061_OD_ONH.png;N
061_OE_ONH.png;N
062_OD_ONH.png;N
062_OE_ONH.png;Y
063_OD_ONH.png;Y
063_OE_ONH.png;Y
065_OD_ONH.png;N
065_OE_ONH.png;Y
066_OD_ONH.png;Y
066_OE_ONH.png;N
067_OD_ONH.png;Y
067_OE_ONH.png;N
068_OE_ONH.png;Y
069_OD_ONH.png;Y
069_OE_ONH.png;Y
070_OD_ONH.png;Y
070_OE_ONH.png;Y
071_OD_ONH.png;Y
072_OD_ONH.png;N
072_OE_ONH.png;N
075_OD_ONH.png;Y
075_OE_ONH.png;N
076_OD_ONH.png;Y
076_OE_ONH.png;N
077_OD_ONH.png;Y
077_OE_ONH.png;N
078_OD_ONH.png;N
078_OE_ONH.png;Y
079_OD_ONH.png;Y
079_OE_ONH.png;Y
080_OD_ONH.png;N
080_OE_ONH.png;Y